{
    "loss": 0.9254665970802307,
    "accuracy": 0.8967573642730713
}