{
    "loss": 19.511415481567383,
    "accuracy": 0.8019008636474609
}